{
  "final_model": "XGBoost",
  "final_score": 0.6657379800475987,
  "improvement_over_original": 0.06793798004759866,
  "beats_bert_baseline": false,
  "all_model_scores": {
    "XGBoost": {
      "valid": 0.7117894112822032,
      "test": 0.6657379800475987
    },
    "LogReg": {
      "valid": 0.6060550653640082,
      "test": 0.5910494756008624
    },
    "Ensemble": {
      "valid": 0.6444550791911424,
      "test": 0.6657379800475987
    }
  },
  "competition_comparison": {
    "bert_baseline": 0.667,
    "competition_best": 0.8223,
    "margin_vs_bert": 0.001262019952401383,
    "gap_to_winner": 0.15656201995240138
  },
  "model_config": {
    "tfidf_max_features": 15000,
    "xgb_n_estimators": 200,
    "xgb_max_depth": 8,
    "xgb_learning_rate": 0.05,
    "ensemble_weights": {
      "xgb": 0.7,
      "logreg": 0.3
    }
  }
}