{
  "task": "ST2",
  "method": "TF-IDF + LogReg with Class Weights",
  "config": {
    "st1_task": false,
    "use_bert": false,
    "max_features": 10000,
    "test_bert_loading": false
  },
  "data_stats": {
    "train_size": 5082,
    "valid_size": 565,
    "test_size": 997,
    "hazard_classes": 128,
    "product_classes": 1022,
    "hazard_imbalance": 221.66666666666666,
    "product_imbalance": 185.0
  },
  "results": {
    "validation": {
      "f1_hazards": 0.38743126573262987,
      "f1_products": 0.0797464440321583,
      "final_score": 0.2335888548823941
    },
    "test": {
      "f1_hazards": 0.4241219663848693,
      "f1_products": 0.08498454809930218,
      "final_score": 0.2545532572420858
    },
    "baseline": {
      "f1_hazards": 0.0021115409413281754,
      "f1_products": 0.0007226738934056008,
      "final_score": 0.0014171074173668881
    },
    "improvement": 0.2531361498247189
  },
  "competition_comparison": {
    "competition_best": 0.5473,
    "competition_bert": 0.498,
    "our_result": 0.2545532572420858,
    "gap_to_best": 0.29274674275791424
  }
}